タイムスタンプ,メールアドレス,氏名（カナ）,希望回,備考
2026/11/06 1:31:15,s7828@example.com,イシダ エマ,第2回,
2026/10/27 17:22:01,s7217@example.com,イシダ スズ,第2回,
2026/11/09 17:03:47,s7042@example.com,エンドウ ホノカ,第1回,
2026/11/07 11:30:27,s4570@example.com,エンドウ ルカ,第1回,
2026/11/08 11:35:33,s4570@example.com ,エンドウ ルカ,第1回,電話受付
2026/10/29 23:31:15,s3925@example.com,オオタ ユイ,第1回,
2026/11/06 13:09:25,s3925@example.com,オオタ ユイ,第1回,キャンセルします
2026/11/03 3:39:49,s7118@example.com,コバヤシ タクミ,第2回,
2026/11/04 17:30:34,s2388@example.com,スギタ シオン,第1回,
2026/11/01 16:41:37,s8679@example.com,セキ チヒロ,第2回,
2026/11/07 14:09:38,s1657@example.com,セキ ルカ,第1回,
2026/11/02 3:22:22,s4439@example.com,タカギ サク,第1回,
2026/10/28 11:51:58,s1840@example.com,タカギ ヒナタ,第2回,
2026/10/26 17:17:00,unei01@example.com,テスト,第1回,送信テスト
2026/10/26 19:55:00,unei.check@example.com,テスト 2,第2回,動作確認
2026/11/05 1:08:24,s4565@example.com,ニシダ タクミ,第1回,
2026/10/31 17:23:17,s4577@example.com,フジタ カイ,第2回,
2026/11/01 20:37:08,s5067@example.com,フジタ サク,第1回,
2026/11/02 23:49:57,s9480@example.com,フジタ ヒナタ,第1回,
2026/10/28 12:05:23,s8541@example.com,ホンダ キョウ,第2回,
2026/11/09 3:02:32,S1411@example.com,マツダ ミナト,第1回,第1回に変えたいです
2026/10/27 7:05:23,s1411@example.com,マツダ ミナト,第2回,
2026/11/06 19:18:14,s9961@example.com,ミヤケ ソラ,第2回,
2026/10/31 4:41:42,s6250@example.com,ミヤケ ヒナタ,第1回,
2026/11/03 9:34:15,s8170@example.com,モリ アオイ,第2回,
2026/11/01 18:27:32,s7488@example.com,モリ チヒロ,第1回,
2026/11/03 17:05:16,s8753@example.com,ヤノ ソラ,第2回,
2026/11/02 3:58:01,s8700@example.com,ワダ アオイ,第1回,
2026/11/07 13:32:15,s9526@example.com,ワダ ヨウ,第2回,
