日付,学籍番号,部屋,入室,退室,延長
2026-09-28,P08,No.3,10:00,12:05,なし
2026-09-29,P03,No.4,13:00,14:10,なし
2026-09-30,P08,No.1,09:30,11:40,なし
2026-10-01,P06,No.3,09:00,11:05,なし
2026-10-02,P04,No.4,10:00,11:15,なし
2026-10-05,P01,No.1,13:00,14:30,あり
2026-10-06,P07,No.3,09:30,10:50,なし
2026-10-07,P06,No.4,13:00,15:10,なし
2026-10-08,P03,No.1,10:00,11:25,あり
2026-10-09,P05,No.3,14:00,15:14,なし
2026-10-13,P04,No.4,09:00,10:15,なし
2026-10-14,P07,No.1,13:30,14:55,なし
2026-10-15,P01,No.3,10:00,11:31,あり
2026-10-16,P02,No.4,13:00,14:35,なし
2026-10-19,P08,No.3,09:00,11:05,なし
2026-10-20,P06,No.1,14:00,16:20,なし
2026-10-21,P03,No.3,09:30,10:47,なし
2026-10-22,P07,No.4,10:00,11:30,なし
2026-10-23,P04,No.1,13:00,14:16,なし
2026-10-26,P01,No.4,09:00,10:30,なし
2026-10-27,P02,No.1,10:00,11:05,なし
2026-10-28,P05,No.3,13:00,14:30,あり
