タイムスタンプ,メールアドレス,ニックネームを書いてください,みなと日本語カフェに来たことがありますか,出身の国・地域を選んでください,ふだん使うSNSをすべて選んでください,次の場面で、日本語に困りますか [アルバイト],次の場面で、日本語に困りますか [学校],次の場面で、日本語に困りますか [病院],次の場面で、日本語に困りますか [役所],参加しやすい時間をすべて選んでください [平日],参加しやすい時間をすべて選んでください [土曜],参加しやすい時間をすべて選んでください [日曜],日本語で話す自信はどのくらいですか,前回のカフェの満足度を星で教えてください（来たことがある人だけ）,次に来られそうな日を選んでください,SNSをいちばんよく見る時刻を教えてください,カフェでやってみたいことを自由に書いてください,日本語で困った場面の写真やスクリーンショットがあれば送ってください（任意）
2026/11/19 17:10:00,cafe-staff@example.com,テスト,いいえ,その他,"Instagram, YouTube, LINE",よく困る,困らない,ときどき困る,困らない,午後,,,3,2,2027/01/06,7:21:00,日本の料理の話,
2026/11/19 17:17:00,cafe-staff@example.com,テスト,はい,その他,"Facebook, LINE",ときどき困る,よく困る,よく困る,困らない,,午後,夜,3,5,2027/01/19,9:41:00,友達を作りたい,
2026/11/20 10:00:00,u039@example.com,ナナ,いいえ,台湾,"X, YouTube, LINE",よく困る,困らない,困らない,よく困る,,,"午前, 午後",2,1,2027/01/21,22:25:00,日本の料理の話,https://drive.google.com/open?id=EXAMPLE4069
2026/11/20 11:21:00,u008@example.com,ソラ,はい,フィリピン,"YouTube, LINE",ときどき困る,困らない,よく困る,ときどき困る,午後,午後,夜,3,5,2027/01/22,18:16:00,日本の料理の話,
2026/11/20 12:39:00,u021@example.com,ポン,はい,ネパール,"X, LINE",困らない,ときどき困る,よく困る,ときどき困る,午後,午後,午後,2,5,2027/01/15,18:25:00,,
2026/11/21 02:01:00,u003@example.com,トモ,いいえ,スリランカ,"X, YouTube, LINE",困らない,困らない,困らない,困らない,,午後,午前,3,,2027/01/24,12:36:00,発音をなおしたい,
2026/11/21 15:44:00,u020@example.com,ハル,はい,ネパール,"Instagram, YouTube, LINE",ときどき困る,よく困る,困らない,よく困る,午後,午前,,2,5,2027/01/17,18:24:00,,
2026/11/21 16:20:00,u030@example.com,トモ,いいえ,インドネシア,"X, LINE",ときどき困る,困らない,よく困る,ときどき困る,午後,,夜,2,3,2027/01/11,12:17:00,日本の料理の話,
2026/11/21 17:13:00,u006@example.com,ソラ,いいえ,タイ,"YouTube, LINE",困らない,ときどき困る,ときどき困る,困らない,夜,夜,午前,2,,2027/01/23,12:18:00,,
2026/11/21 17:51:00,u007@example.com,ララ,いいえ,ミャンマー,"X, YouTube",困らない,ときどき困る,よく困る,よく困る,"午前, 午後, 夜",,夜,3,3,2027/01/10,12:33:00,日本の料理の話,
2026/11/21 23:55:00,u016@example.com,ポン,いいえ,日本,"Instagram, Facebook, X, LINE",ときどき困る,困らない,困らない,困らない,,"午前, 午後",午前,2,,2027/01/04,12:16:00,アルバイトの面接の練習,
2026/11/22 00:40:00,u004@example.com,ハル,はい,スリランカ,"Facebook, YouTube, LINE",ときどき困る,困らない,よく困る,ときどき困る,"午後, 夜",,夜,4,4,2027/01/22,18:54:00,日本の料理の話,
2026/11/22 03:17:00,u014@example.com,ビビ,いいえ,ウズベキスタン,"X, LINE",よく困る,ときどき困る,よく困る,ときどき困る,,,午前,3,,2027/01/21,18:49:00,発音をなおしたい,
2026/11/22 20:42:00,u037@example.com,ポン,いいえ,ベトナム,"Instagram, Facebook, X, LINE",ときどき困る,困らない,困らない,困らない,夜,,午前,3,,2027/01/14,23:41:00,病院で症状を言う練習,
2026/11/23 04:20:00,u030@example.com,トモ,いいえ,インドネシア,"Facebook, X, YouTube",よく困る,困らない,よく困る,困らない,午後,午前,,2,,2027/01/05,23:05:00,アルバイトの面接の練習,
2026/11/23 06:44:00,u022@example.com,タオ,はい,ウズベキスタン,"X, YouTube, LINE",よく困る,困らない,ときどき困る,困らない,,,夜,2,3,2027/01/15,23:55:00,発音をなおしたい,
2026/11/23 08:26:00,u005@example.com,カイ,はい,タイ,"Facebook, X, YouTube, LINE",困らない,よく困る,よく困る,困らない,,,,3,5,2027/01/14,8:22:00,アルバイトの面接の練習,
2026/11/23 09:51:00,u007@example.com,ララ,いいえ,ミャンマー,"X, YouTube, LINE",よく困る,ときどき困る,よく困る,困らない,,夜,午前,2,3,2027/01/21,21:55:00,学校の先生への話し方,
2026/11/24 17:19:00,u028@example.com,マイ,はい,その他,"Instagram, Facebook, X, YouTube, LINE",ときどき困る,よく困る,困らない,困らない,,"午後, 夜",,3,4,2027/01/04,21:59:00,日本の料理の話,https://drive.google.com/open?id=EXAMPLE5099
2026/11/24 19:53:00,u009@example.com,ニコ,はい,中国,"Instagram, Facebook, LINE",よく困る,困らない,よく困る,よく困る,夜,"午前, 午後",午前,2,3,2027/01/24,8:34:00,友達を作りたい,
2026/11/24 23:15:00,u023@example.com,ビビ,いいえ,ベトナム,X,困らない,ときどき困る,よく困る,困らない,,,"午前, 午後",1,,2027/01/18,7:34:00,役所の書類の書き方,
2026/11/24 23:38:00,u032@example.com,タオ,いいえ,インドネシア,"Facebook, X, YouTube",よく困る,ときどき困る,困らない,困らない,,,午前,2,,2027/01/16,20:24:00,,
2026/11/25 04:47:00,u018@example.com,レン,いいえ,モンゴル,"Instagram, Facebook, LINE",ときどき困る,困らない,困らない,困らない,午後,夜,午前,3,1,2027/01/14,12:09:00,発音をなおしたい,
2026/11/26 01:33:00,u001@example.com,レン,いいえ,中国,"TikTok, Facebook, X, LINE",よく困る,よく困る,ときどき困る,困らない,午後,,,1,2,2027/01/04,12:03:00,友達を作りたい,
2026/11/26 06:27:00,u038@example.com,ケイ,いいえ,中国,"TikTok, Facebook, X, YouTube, LINE",困らない,困らない,困らない,ときどき困る,"午前, 午後","午前, 午後","午前, 夜",3,,2027/01/04,8:03:00,友達を作りたい,
2026/11/26 07:52:00,u027@example.com,トモ,はい,台湾,"Instagram, YouTube, LINE",ときどき困る,ときどき困る,困らない,困らない,"午前, 午後",午前,,2,4,2027/01/04,23:34:00,学校の先生への話し方,
2026/11/26 10:20:00,u012@example.com,レン,いいえ,ウズベキスタン,"TikTok, Facebook, X, YouTube, LINE",よく困る,困らない,困らない,ときどき困る,午後,,,4,,2027/01/11,12:41:00,発音をなおしたい,
2026/11/26 11:27:00,u038@example.com,ケイ,はい,中国,"Instagram, TikTok, Facebook, X",よく困る,ときどき困る,よく困る,よく困る,午後,夜,"午前, 夜",4,3,2027/01/14,20:28:00,日本の料理の話,
2026/11/27 01:46:00,u019@example.com,ケイ,いいえ,台湾,"Instagram, X, LINE",よく困る,困らない,困らない,ときどき困る,午前,午後,"午前, 午後",3,,2027/01/16,23:50:00,発音をなおしたい,
2026/11/27 06:45:00,u036@example.com,ケイ,はい,スリランカ,"X, LINE",困らない,よく困る,ときどき困る,ときどき困る,夜,"午後, 夜",夜,4,3,2027/01/10,18:11:00,日本の料理の話,
2026/11/27 07:11:00,u035@example.com,ケイ,はい,ウズベキスタン,"TikTok, Facebook, X, LINE",困らない,よく困る,よく困る,ときどき困る,"午後, 夜",午前,"午後, 夜",5,3,2027/01/18,8:14:00,発音をなおしたい,
2026/11/27 18:52:00,u026@example.com,サム,はい,台湾,LINE,困らない,ときどき困る,よく困る,ときどき困る,午後,,,4,4,2027/01/16,23:43:00,アルバイトの面接の練習,
2026/11/27 21:10:00,u017@example.com,アン,いいえ,スリランカ,"Instagram, Facebook, X, LINE",よく困る,困らない,困らない,ときどき困る,,,,4,,2027/01/19,12:41:00,日本の料理の話,
2026/11/28 03:06:00,u010@example.com,ソラ,いいえ,日本,"Facebook, X, LINE",ときどき困る,困らない,困らない,ときどき困る,,,,4,,2027/01/08,22:02:00,役所の書類の書き方,
2026/11/28 16:43:00,u024@example.com,ナナ,はい,ミャンマー,"TikTok, Facebook, YouTube, LINE",よく困る,ときどき困る,ときどき困る,困らない,午後,,,4,5,2027/01/07,21:01:00,学校の先生への話し方,https://drive.google.com/open?id=EXAMPLE6694
2026/11/28 19:12:00,u015@example.com,ポン,はい,ウズベキスタン,"TikTok, Facebook, LINE",困らない,困らない,よく困る,困らない,"午前, 午後",,,3,4,2027/01/20,7:02:00,日本の料理の話,
2026/11/29 05:12:00,u025@example.com,ビビ,いいえ,ネパール,"X, LINE",よく困る,ときどき困る,よく困る,困らない,,,午前,1,,2027/01/08,23:24:00,日本の料理の話,
2026/11/29 10:36:00,u029@example.com,ハル,いいえ,ベトナム,"X, LINE",よく困る,ときどき困る,困らない,困らない,"午後, 夜",,"午前, 午後",5,,2027/01/17,21:17:00,友達を作りたい,
2026/11/29 14:17:00,u002@example.com,マイ,いいえ,スリランカ,"Facebook, X, LINE",困らない,ときどき困る,困らない,困らない,午前,,,1,,2027/01/05,12:34:00,アルバイトの面接の練習,
2026/11/29 14:52:00,u034@example.com,サム,はい,フィリピン,"Instagram, TikTok, X, LINE",困らない,ときどき困る,ときどき困る,困らない,,,午後,4,3,2027/01/08,23:35:00,友達を作りたい,https://drive.google.com/open?id=EXAMPLE7878
2026/11/29 23:12:00,u033@example.com,ジョー,いいえ,フィリピン,"X, YouTube",よく困る,ときどき困る,よく困る,困らない,午前,午前,午前,3,,2027/01/16,7:13:00,,
2026/11/29 23:13:00,u013@example.com,ビビ,いいえ,日本,"TikTok, Facebook, X, YouTube, LINE",よく困る,ときどき困る,困らない,よく困る,"午前, 午後",,午前,4,1,2027/01/11,12:45:00,病院で症状を言う練習,
2026/11/30 10:28:00,u011@example.com,ジョー,はい,韓国,"Facebook, LINE",困らない,ときどき困る,よく困る,ときどき困る,午後,,,4,4,2027/01/04,20:06:00,学校の先生への話し方,
2026/11/30 18:23:00,u031@example.com,ユイ,はい,中国,"YouTube, LINE",困らない,よく困る,よく困る,よく困る,午後,夜,,4,4,2027/01/05,20:30:00,学校の先生への話し方,https://drive.google.com/open?id=EXAMPLE8760
2026/12/01 00:28:00,u040@example.com,ナナ,いいえ,ネパール,"TikTok, LINE",困らない,困らない,よく困る,ときどき困る,夜,,,3,,2027/01/17,12:45:00,発音をなおしたい,
2026/12/01 04:59:00,u041@example.com,ポン,いいえ,モンゴル,X,ときどき困る,困らない,ときどき困る,困らない,午後,夜,,3,3,2027/01/06,12:43:00,友達を作りたい,
