初期の名前,Googleの形式,中身のもと,初期の共有（学生は編集者で別に追加）
申込一覧,スプレッドシート,data/申込-NN-1116.csv,なし
申込一覧_最終版,スプレッドシート,data/申込-NN-1110.csv,なし
申込一覧_最終版 のコピー,スプレッドシート,data/申込-NN-1110.csv,なし
申込一覧(古い),スプレッドシート,data/申込-NN-1103.csv,なし
参加者名簿,スプレッドシート,data/名簿-NN.csv,印刷役を閲覧者（罠）
案内文_最終,ドキュメント,folder/案内文_最終.txt,講師役を編集者（罠）
案内文_下書き,ドキュメント,folder/案内文_下書き.txt,なし
案内文_下書き_修正版,ドキュメント,folder/案内文_下書き_修正版.txt,講師役を閲覧者（正しい）
チラシ.png,画像,folder/チラシ.png,リンクを知っている全員が閲覧可（罠）
チラシ_修正.png,画像,folder/チラシ_修正.png,なし
会場の地図.png,画像,folder/会場の地図.png,なし
運用メモ,ドキュメント,folder/運用メモ.txt（NN を番号に置き換える）,なし
下見写真/IMG_3101.jpg〜IMG_3106.jpg,画像（フォルダ「下見写真」の中）,folder/IMG_310x.jpg,なし
