番号,B1_有効回答,B2_知りたい日本語,B3_人数,誤_テストを数えたB1,誤_テストを数えた最多
01,17,避難所の場所を聞く,9,19,けがを伝える
02,10,けがを伝える,8,12,家族の無事を伝える
03,11,家族の無事を伝える,7,13,ニュースを聞き取る
04,16,ニュースを聞き取る,10,18,119番に電話する
05,15,119番に電話する,8,17,避難所の場所を聞く
06,11,避難所の場所を聞く,7,13,けがを伝える
07,13,けがを伝える,9,15,家族の無事を伝える
08,15,家族の無事を伝える,10,17,ニュースを聞き取る
09,12,ニュースを聞き取る,6,14,119番に電話する
10,14,119番に電話する,9,16,避難所の場所を聞く
11,12,避難所の場所を聞く,9,14,けがを伝える
12,12,けがを伝える,8,14,家族の無事を伝える
13,12,家族の無事を伝える,8,14,ニュースを聞き取る
14,11,ニュースを聞き取る,7,13,119番に電話する
15,11,119番に電話する,7,13,避難所の場所を聞く
16,10,避難所の場所を聞く,7,12,けがを伝える
17,12,けがを伝える,8,14,家族の無事を伝える
18,17,家族の無事を伝える,11,19,ニュースを聞き取る
19,12,ニュースを聞き取る,8,14,119番に電話する
20,12,119番に電話する,7,14,避難所の場所を聞く
21,12,避難所の場所を聞く,9,14,けがを伝える
22,11,けがを伝える,8,13,家族の無事を伝える
23,10,家族の無事を伝える,8,12,ニュースを聞き取る
24,12,ニュースを聞き取る,9,14,119番に電話する
25,12,119番に電話する,8,14,避難所の場所を聞く
26,14,避難所の場所を聞く,10,16,けがを伝える
27,15,けがを伝える,8,17,家族の無事を伝える
28,13,家族の無事を伝える,9,15,ニュースを聞き取る
29,17,ニュースを聞き取る,11,19,119番に電話する
30,11,119番に電話する,8,13,避難所の場所を聞く
31,16,避難所の場所を聞く,10,18,けがを伝える
32,13,けがを伝える,9,15,家族の無事を伝える
33,10,家族の無事を伝える,8,12,ニュースを聞き取る
34,14,ニュースを聞き取る,8,16,119番に電話する
35,14,119番に電話する,10,16,避難所の場所を聞く
36,10,避難所の場所を聞く,6,12,けがを伝える
37,10,けがを伝える,8,12,家族の無事を伝える
38,12,家族の無事を伝える,9,14,ニュースを聞き取る
39,11,ニュースを聞き取る,8,13,119番に電話する
40,14,119番に電話する,10,16,避難所の場所を聞く
