タイムスタンプ,メールアドレス,氏名（カナ）,希望回,録画に映ってよい,備考
2026/11/22 17:02:32,s6803@example.com,アオキ ミナト,第1回,いいえ,
2026/11/20 22:02:39,s7867@example.com,エンドウ アオイ,第1回,いいえ,
2026/11/22 2:23:34,s2153@example.com,エンドウ ヒナタ,第1回,いいえ,
2026/10/22 16:44:30,s9285@example.com,オオタ スズ,1回目,いいえ,
2026/11/03 13:42:58,s7232@example.com,カトウ チヒロ,第2回,いいえ,
2026/10/28 8:25:41,s7810@example.com,カトウ ツバサ,第2回,はい,
2026/11/20 20:08:29,s5089@example.com,クボ メイ,第1回,はい,
2026/11/21 22:37:18,s9253@example.com,クボ ルカ,第1回,はい,
2026/11/05 19:19:26,s3963@example.com,コバヤシ ウタ,第2回,はい,
2026/11/23 10:25:50,s4566@example.com,コバヤシ ヒナタ,第2回,いいえ,
2026/11/22 3:13:38,s5971@example.com,コバヤシ ヨウ,第２回,いいえ,電話受付
2026/11/13 16:46:25,s5329@example.com,サイトウ チヒロ,第２回,はい,電話受付
2026/11/10 11:45:19,s9710@example.com,シミズ ホノカ,第2回,はい,
2026/11/13 18:04:16,s2547@example.com,スギタ エマ,第1回,はい,
2026/11/22 1:50:43,S8886@example.com,スギタ リク,第1回,いいえ,
2026/10/29 21:06:09,s8886@example.com,スギタ リク,第2回,はい,
2026/11/05 22:56:59,s3455@example.com,セキ ヒナタ,第2回,はい,
2026/10/19 10:35:37,unei01@example.com,テスト,1回目,はい,送信テスト
2026/10/19 11:28:29,unei.check@example.com,テスト 2,2回目,いいえ,動作確認
2026/11/14 2:43:29,s6822@example.com,ナカノ ルカ,第1回,はい,
2026/10/30 21:40:06,s9117@example.com,ニシダ カイ,第1回,はい,
2026/11/21 7:10:42,s9117@example.com,ニシダ カイ,第1回,はい,都合が悪くなったのでキャンセルでお願いします
2026/11/03 14:57:59,s8328@example.com,ノムラ タクミ,第1回,はい,
2026/11/03 10:53:52,s6660@example.com,ヒラノ サク,第1回,はい,
2026/10/26 17:09:16,s9314@example.com,フジタ エマ,第2回,はい,
2026/11/13 12:49:07,S9314@example.com,フジタ エマ,第2回,はい,都合が悪くなったのでキャンセルでお願いします
2026/11/19 20:36:20,s9747@example.com ,フジタ レン,第２回,はい,電話受付
2026/10/25 12:41:41,s9747@example.com,フジタ レン,第1回,いいえ,
2026/11/05 16:33:18,s9725@example.com,マツダ シオン,第2回,はい,
2026/10/24 10:27:11,s3592@example.com,ヤノ マオ,1回目,はい,
2026/10/24 17:43:14,s3683@example.com,ヨシダ カイ,1回目,はい,
2026/10/23 5:46:12,s7213@example.com,ヨシダ チヒロ,2回目,いいえ,
2026/11/08 19:59:50,s5303@example.com,ヨシダ メイ,第2回,はい,
2026/11/12 14:00:09,s2419@example.com,ヨシダ ヨウ,第2回,いいえ,
2026/11/20 19:33:51,s8150@example.com,ワダ アオイ,第1回,はい,
