日付,開始,終了,休憩(分),勤務先
2026-11-03,10:00,14:00,30,コンビニA
2026-11-04,09:00,13:00,30,コンビニA
2026-11-06,10:00,13:00,0,居酒屋B
2026-11-07,09:00,12:00,0,居酒屋B
2026-11-08,09:00,12:00,30,コンビニA
2026-11-10,18:00,21:00,0,コンビニA
2026-11-12,10:00,14:00,0,コンビニA
2026-11-14,09:00,14:00,0,コンビニA
2026-11-15,10:00,14:00,0,コンビニA
2026-11-17,09:00,14:00,0,居酒屋B
2026-11-19,18:00,22:00,0,居酒屋B
2026-11-20,17:00,20:00,0,コンビニA
2026-11-21,17:00,22:00,0,居酒屋B
2026-11-23,18:00,22:00,30,コンビニA
2026-11-24,18:00,21:00,0,コンビニA
2026-11-25,18:00,21:00,30,コンビニA
2026-11-27,17:00,21:00,30,居酒屋B
2026-11-29,18:00,23:00,0,コンビニA
