日付,学籍番号,ロッカー,入れた時刻,取り出した時刻,延長
2026-09-29,S03,No.4,10:00,11:45,なし
2026-09-30,S03,No.4,13:00,14:40,なし
2026-10-01,S01,No.1,09:10,10:50,なし
2026-10-02,S03,No.5,10:30,12:10,なし
2026-10-05,S02,No.2,09:00,10:30,なし
2026-10-06,S04,No.3,13:00,14:50,あり
2026-10-07,S01,No.1,11:00,12:35,なし
2026-10-08,S02,No.2,14:00,15:30,なし
2026-10-09,S08,No.8,09:30,11:10,なし
2026-10-13,S04,No.3,10:00,12:00,あり
2026-10-14,S07,No.7,15:00,16:20,なし
2026-10-15,S08,No.8,13:00,14:45,なし
2026-10-16,S02,No.6,09:00,10:31,なし
2026-10-20,S05,No.9,10:00,11:10,なし
2026-10-21,S06,No.10,09:00,10:25,あり
2026-10-21,S05,No.9,13:00,14:10,なし
2026-10-22,S08,No.11,10:00,11:35,あり
2026-10-22,S05,No.9,15:00,16:10,なし
2026-10-23,S06,No.10,13:00,14:05,なし
2026-10-26,S04,No.12,09:00,11:05,あり
2026-10-27,S01,No.1,10:00,12:00,なし
2026-10-27,S06,No.10,14:00,15:20,なし
2026-10-28,S04,No.3,13:00,14:40,なし
2026-10-29,S07,No.7,10:00,11:05,なし
2026-10-30,S02,No.2,09:00,10:00,なし
