タイムスタンプ,メールアドレス,氏名（カナ）,備考
2026/10/26 12:38:00,unei.test@example.com,テスト,送信テスト
2026/10/28 3:34:58,s5829@example.com,セキ ミナト,
2026/10/28 17:34:58,S5829@EXAMPLE.COM,セキ ミナト,念のためもう一度送ります
2026/10/28 22:12:57,s3101@example.com,オオタ ツバサ,
2026/10/29 1:50:24,s1808@example.com,コバヤシ ツバサ,
2026/10/31 8:23:22,s5901@example.com,チバ シオン,
2026/10/31 17:20:35,s8632@example.com,クボ マオ,
2026/11/02 0:46:12,s4788@example.com,キムラ ナギ,
2026/11/03 2:07:51,s8501@example.com,クボ メイ,
2026/11/03 9:19:56,s8270@example.com,サイトウ ホノカ,
2026/11/05 12:02:49,s4514@example.com,セキ ユイ,
