タイムスタンプ,メールアドレス,ニックネームを書いてください,アルバイトの日本語講座に来たことがありますか,出身の国・地域を選んでください,ふだん使うSNSをすべて選んでください,アルバイトの次の場面で、日本語に困りますか [面接],アルバイトの次の場面で、日本語に困りますか [電話],アルバイトの次の場面で、日本語に困りますか [接客],アルバイトの次の場面で、日本語に困りますか [シフトの相談],参加しやすい時間をすべて選んでください [平日],参加しやすい時間をすべて選んでください [土曜],参加しやすい時間をすべて選んでください [日曜],日本語で話す自信はどのくらいですか,前回の講座の満足度を星で教えてください（来たことがある人だけ）,次に来られそうな日を選んでください,SNSをいちばんよく見る時刻を教えてください,講座でやってみたいことを自由に書いてください
2026/11/30 17:53:00,cafe-staff@example.com,テスト,はい,その他,LINE,ときどき困る,困らない,よく困る,ときどき困る,夜,午前,"午後, 夜",2,5,2027/02/06,9:18:00,友達を作りたい
2026/11/30 18:00:00,cafe-staff@example.com,テスト,いいえ,その他,"Instagram, TikTok, YouTube, LINE",よく困る,よく困る,ときどき困る,困らない,,,,1,2,2027/02/10,9:22:00,
2026/12/01 11:38:00,u004@example.com,サム,いいえ,タイ,"Instagram, LINE",困らない,ときどき困る,よく困る,困らない,,午後,夜,2,,2027/02/05,8:44:00,ゆっくり話したい
2026/12/01 13:33:00,u026@example.com,ナナ,はい,フィリピン,"TikTok, YouTube, LINE",よく困る,よく困る,困らない,ときどき困る,午後,,"午後, 夜",4,3,2027/02/08,18:55:00,
2026/12/02 03:48:00,u025@example.com,レン,いいえ,モンゴル,LINE,よく困る,困らない,よく困る,困らない,,夜,,2,,2027/02/17,22:23:00,
2026/12/02 11:36:00,u007@example.com,アン,はい,中国,"Facebook, LINE",困らない,ときどき困る,ときどき困る,困らない,,夜,"午後, 夜",1,5,2027/02/03,18:47:00,ロールプレイをしたい
2026/12/02 22:16:00,u027@example.com,ジョー,はい,中国,"TikTok, Facebook, LINE",よく困る,困らない,よく困る,ときどき困る,夜,午後,"午後, 夜",3,4,2027/02/15,8:43:00,ロールプレイをしたい
2026/12/02 22:43:00,u033@example.com,ナナ,いいえ,中国,Facebook,よく困る,困らない,ときどき困る,ときどき困る,夜,"午前, 夜",,4,1,2027/02/15,7:48:00,敬語を覚えたい
2026/12/03 18:22:00,u034@example.com,サム,いいえ,ネパール,"YouTube, LINE",困らない,困らない,よく困る,よく困る,,"午前, 午後, 夜",夜,4,2,2027/02/17,20:49:00,発音をなおしたい
2026/12/03 22:39:00,u017@example.com,ララ,いいえ,ウズベキスタン,LINE,ときどき困る,困らない,よく困る,よく困る,夜,午後,午前,2,,2027/02/14,22:04:00,敬語を覚えたい
2026/12/04 07:14:00,u032@example.com,ジョー,いいえ,台湾,"Instagram, YouTube, LINE",困らない,困らない,困らない,ときどき困る,,,"午後, 夜",2,2,2027/02/18,8:54:00,友達を作りたい
2026/12/04 09:55:00,u008@example.com,ルカ,いいえ,ウズベキスタン,"TikTok, YouTube, LINE",ときどき困る,ときどき困る,ときどき困る,よく困る,,"午後, 夜",午前,5,,2027/02/07,12:10:00,友達を作りたい
2026/12/04 10:41:00,u029@example.com,ミン,はい,台湾,"Facebook, LINE",ときどき困る,よく困る,困らない,ときどき困る,午前,,"午前, 夜",4,4,2027/02/08,12:10:00,ロールプレイをしたい
2026/12/04 16:32:00,u019@example.com,アン,いいえ,タイ,"TikTok, Facebook, YouTube, LINE",ときどき困る,よく困る,ときどき困る,困らない,"午前, 夜",午後,"午前, 夜",3,2,2027/02/05,22:17:00,発音をなおしたい
2026/12/04 20:56:00,u003@example.com,ビビ,いいえ,日本,"Instagram, Facebook, YouTube, LINE",困らない,困らない,ときどき困る,よく困る,,"午前, 午後",,5,,2027/02/02,20:51:00,友達を作りたい
2026/12/05 00:14:00,u032@example.com,ジョー,いいえ,ウズベキスタン,"Facebook, YouTube, LINE",ときどき困る,困らない,困らない,ときどき困る,,,,3,2,2027/02/02,22:50:00,友達を作りたい
2026/12/05 06:23:00,u028@example.com,タオ,はい,ウズベキスタン,"TikTok, YouTube, LINE",よく困る,困らない,困らない,よく困る,夜,,夜,4,5,2027/02/16,18:11:00,発音をなおしたい
2026/12/05 21:31:00,u020@example.com,タオ,はい,ベトナム,"YouTube, LINE",困らない,よく困る,困らない,ときどき困る,夜,,午後,3,5,2027/02/20,20:01:00,発音をなおしたい
2026/12/06 05:33:00,u001@example.com,ハル,はい,その他,"Instagram, YouTube, LINE",ときどき困る,よく困る,困らない,ときどき困る,,,"午後, 夜",4,4,2027/02/02,18:30:00,敬語を覚えたい
2026/12/06 07:32:00,u019@example.com,アン,いいえ,ウズベキスタン,LINE,ときどき困る,ときどき困る,困らない,よく困る,夜,"午前, 午後",午後,4,,2027/02/09,22:02:00,友達を作りたい
2026/12/06 08:16:00,u030@example.com,マイ,はい,ネパール,"TikTok, LINE",困らない,よく困る,ときどき困る,困らない,午後,午前,,2,3,2027/02/13,18:00:00,友達を作りたい
2026/12/06 14:52:00,u022@example.com,ユイ,はい,モンゴル,"Instagram, YouTube, LINE",よく困る,よく困る,困らない,困らない,"午後, 夜",午前,夜,2,5,2027/02/08,18:23:00,
2026/12/07 09:00:00,u037@example.com,ナナ,いいえ,フィリピン,LINE,ときどき困る,よく困る,よく困る,よく困る,午前,"午後, 夜",,3,2,2027/02/14,21:28:00,友達を作りたい
2026/12/07 23:52:00,u011@example.com,ケイ,いいえ,インドネシア,LINE,困らない,ときどき困る,困らない,よく困る,,午後,夜,3,2,2027/02/05,18:54:00,友達を作りたい
2026/12/08 07:59:00,u013@example.com,ユイ,いいえ,その他,"YouTube, LINE",困らない,困らない,ときどき困る,よく困る,午後,午後,,1,2,2027/02/14,20:18:00,ロールプレイをしたい
2026/12/08 13:58:00,u018@example.com,ソラ,はい,ベトナム,"Instagram, LINE",困らない,よく困る,困らない,困らない,,,夜,3,5,2027/02/13,18:40:00,敬語を覚えたい
2026/12/08 15:30:00,u002@example.com,ソラ,はい,その他,"Instagram, LINE",ときどき困る,よく困る,よく困る,よく困る,午前,"午後, 夜",,1,5,2027/02/09,18:10:00,ロールプレイをしたい
2026/12/08 22:00:00,u016@example.com,ハル,はい,ベトナム,"YouTube, LINE",よく困る,よく困る,困らない,困らない,夜,,,1,5,2027/02/03,7:35:00,友達を作りたい
2026/12/09 02:41:00,u023@example.com,レン,いいえ,台湾,"Instagram, YouTube",困らない,困らない,よく困る,よく困る,午前,,,3,2,2027/02/08,7:33:00,
2026/12/09 14:49:00,u012@example.com,ケイ,はい,ウズベキスタン,"YouTube, LINE",よく困る,よく困る,困らない,困らない,,午前,夜,2,3,2027/02/06,18:38:00,友達を作りたい
2026/12/09 16:33:00,u014@example.com,サム,いいえ,ミャンマー,LINE,困らない,困らない,ときどき困る,ときどき困る,,"午前, 午後",,2,2,2027/02/12,8:37:00,敬語を覚えたい
2026/12/10 03:08:00,u015@example.com,ソラ,いいえ,中国,"YouTube, LINE",ときどき困る,困らない,ときどき困る,困らない,,午後,,3,,2027/02/17,22:39:00,発音をなおしたい
2026/12/10 12:04:00,u010@example.com,カイ,はい,タイ,"TikTok, LINE",よく困る,よく困る,困らない,困らない,,,,2,5,2027/02/01,21:31:00,ゆっくり話したい
2026/12/11 02:33:00,u014@example.com,サム,いいえ,ネパール,"Instagram, TikTok, YouTube, LINE",よく困る,ときどき困る,ときどき困る,ときどき困る,,,,4,,2027/02/15,21:54:00,発音をなおしたい
2026/12/11 08:52:00,u036@example.com,ビビ,いいえ,日本,"YouTube, LINE",困らない,困らない,よく困る,よく困る,,"午後, 夜",,5,,2027/02/03,22:24:00,ロールプレイをしたい
2026/12/11 09:38:00,u021@example.com,アン,はい,タイ,"TikTok, YouTube, LINE",困らない,よく困る,困らない,困らない,"午前, 夜",午後,"午後, 夜",2,3,2027/02/16,18:31:00,
2026/12/11 21:54:00,u035@example.com,ニコ,いいえ,その他,"Facebook, YouTube, LINE",困らない,ときどき困る,ときどき困る,よく困る,,,,2,,2027/02/03,18:27:00,敬語を覚えたい
2026/12/12 15:46:00,u024@example.com,ユイ,はい,タイ,"YouTube, LINE",困らない,困らない,よく困る,よく困る,午後,,"午後, 夜",5,5,2027/02/12,12:36:00,ゆっくり話したい
2026/12/13 14:00:00,u005@example.com,ハル,いいえ,ウズベキスタン,"YouTube, LINE",ときどき困る,困らない,よく困る,ときどき困る,,午後,,5,,2027/02/14,22:29:00,
2026/12/14 18:12:00,u006@example.com,ハル,いいえ,フィリピン,LINE,困らない,ときどき困る,よく困る,ときどき困る,夜,午後,,4,3,2027/02/05,21:05:00,敬語を覚えたい
2026/12/14 18:22:00,u009@example.com,サム,はい,モンゴル,"TikTok, YouTube, LINE",困らない,困らない,困らない,困らない,午前,夜,"午前, 夜",4,5,2027/02/12,8:48:00,
2026/12/14 21:34:00,u031@example.com,ミン,はい,モンゴル,"TikTok, LINE",ときどき困る,よく困る,困らない,困らない,,午後,夜,2,5,2027/02/08,7:12:00,敬語を覚えたい
2026/12/15 00:59:59,u038@example.com,ポン,いいえ,その他,"TikTok, LINE",ときどき困る,困らない,困らない,よく困る,,,"午前, 夜",3,,2027/02/04,7:05:00,ゆっくり話したい
2026/12/15 03:59:59,u039@example.com,ルカ,いいえ,フィリピン,"YouTube, LINE",困らない,困らない,よく困る,ときどき困る,午前,,"午前, 午後, 夜",4,1,2027/02/12,22:13:00,発音をなおしたい
