書き出し: 2026/11/10 9:12,,,,
タイムスタンプ,メールアドレス,氏名（カナ）,写真に写ってよい,備考
2026/10/26 9:27:00,unei01@example.com,テスト,はい,送信テスト
2026/10/26 10:56:00,unei.check@example.com,テスト 2,いいえ,動作確認
2026/10/26 15:54:42,s8522@example.com,ナカノ ナギ,いいえ,
2026/10/26 22:38:11,s9107@example.com,ミヤケ スズ,いいえ,
2026/10/29 18:08:14,s4351@example.com,アオキ メイ,はい,
2026/10/30 10:29:57,s2202@example.com,ウエノ サク,いいえ,
2026/10/31 16:41:20,s2250@example.com,クボ ツバサ,はい,
2026/11/01 2:54:46,s6120@example.com,キムラ タクミ,はい,
2026/11/02 17:34:38,s8453@example.com,ツジ イツキ,はい,
2026/11/03 15:50:34,s4738@example.com,セキ チヒロ,はい,
2026/11/07 6:13:15,s4441@example.com,ツジ ウタ,いいえ,
2026/11/07 6:51:14,s6022@example.com,マツダ ソラ,はい,
2026/11/07 7:10:25,s8959@example.com,ヤノ ソラ,いいえ,
2026/11/07 16:15:13,s6120@example.com,キムラ タクミ,いいえ,都合が悪くなったのでキャンセルでお願いします
2026/11/08 9:20:08,S2202@EXAMPLE.COM,ウエノ サク,いいえ,キャンセルします
