番号,B1_有効回答,B2_ターゲット,B3_場面,B4_よく困る人数,B5_割合%,B6_投稿先,B7_投稿時間帯,B8_曜日時間帯,B9_選んだ人数,B10_満足度,B11_満足度の人数,B12_最初の回,B13_申込締切,サイズ,グラフ_ターゲットのよく困る人数,B14_除外した行,除外の内訳,誤_掃除なし_B1,誤_掃除なし_B2,誤_全員で数えた場面,誤_全員で数えた時間帯,誤_LINEを含めた投稿先,誤_Xを含めた投稿先,誤_いいえの星も入れた満足度,誤_掃除なしの満足度,誤_祝日を平日に数えた日
01,38,22,アルバイト,12,55,Instagram,21時台,平日夜,16,4.5,16,1月12日（火） 19:00〜20:30,1月9日（土）,1080×1350（縦長4:5）,アルバイト12 学校6 病院4 役所5,2 3 11 24 28 38 40 46 48 49,2:テスト 3:テスト 11:重複（古い方） 24:対象外（日本） 28:対象外（日本） 38:重複（古い方） 40:重複（古い方） 46:対象外（日本） 48:締切後 49:締切後,48,29,病院,日曜午前,LINE,,3.4,3.2,1月11日（月）
02,37,22,学校,10,45,TikTok,22時台,土曜午後,15,4.2,15,1月9日（土） 14:00〜15:30,1月6日（水）,1080×1920（縦9:16）,アルバイト4 学校10 病院1 役所3,2 3 4 9 14 25 29 32 47 48,2:テスト 3:テスト 4:対象外（日本） 9:重複（古い方） 14:対象外（日本） 25:重複（古い方） 29:対象外（日本） 32:重複（古い方） 47:締切後 48:締切後,47,30,役所,日曜夜,LINE,,3.6,3.5,
03,40,22,病院,12,55,Facebook,12時台,日曜午前,14,4.4,18,1月10日（日） 10:00〜11:30,1月7日（木）,1080×1080（正方形）,アルバイト8 学校4 病院12 役所5,2 3 10 12 18 34 39 48 50 51,2:テスト 3:テスト 10:対象外（日本） 12:重複（古い方） 18:重複（古い方） 34:重複（古い方） 39:対象外（日本） 48:対象外（日本） 50:締切後 51:締切後,50,29,アルバイト,平日午後,LINE,X,3.8,3.5,
04,42,19,役所,14,74,Instagram,20時台,日曜夜,9,4.0,23,1月17日（日） 19:00〜20:30,1月14日（木）,1080×1350（縦長4:5）,アルバイト2 学校6 病院4 役所14,2 3 8 17 32 38 45 51 52,2:テスト 3:テスト 8:重複（古い方） 17:重複（古い方） 32:対象外（日本） 38:重複（古い方） 45:対象外（日本） 51:締切後 52:締切後,51,27,学校,土曜午前,LINE,,3.5,3.3,
05,40,18,アルバイト,9,50,TikTok,23時台,平日午後,13,4.3,22,1月5日（火） 14:00〜15:30,1月2日（土）,1080×1920（縦9:16）,アルバイト9 学校2 病院6 役所5,2 3 5 9 17 26 30 49 50,2:テスト 3:テスト 5:重複（古い方） 9:対象外（日本） 17:重複（古い方） 26:対象外（日本） 30:重複（古い方） 49:締切後 50:締切後,49,25,病院,土曜夜,LINE,,3.9,3.5,
06,41,18,学校,10,56,Facebook,7時台,土曜午前,12,4.2,23,1月16日（土） 10:00〜11:30,1月13日（水）,1080×1080（正方形）,アルバイト2 学校10 病院4 役所5,2 3 8 21 25 38 44 50 51 52,2:テスト 3:テスト 8:重複（古い方） 21:重複（古い方） 25:対象外（日本） 38:重複（古い方） 44:対象外（日本） 50:対象外（日本） 51:締切後 52:締切後,51,26,役所,日曜午後,LINE,X,3.9,3.6,
07,37,18,病院,13,72,Instagram,21時台,土曜夜,13,3.9,19,1月16日（土） 19:00〜20:30,1月13日（水）,1080×1350（縦長4:5）,アルバイト4 学校6 病院13 役所6,2 3 8 9 30 31 40 46 47,2:テスト 3:テスト 8:重複（古い方） 9:対象外（日本） 30:対象外（日本） 31:重複（古い方） 40:重複（古い方） 46:締切後 47:締切後,46,25,アルバイト,平日午前,LINE,,3.6,3.5,
08,35,20,役所,11,55,TikTok,22時台,日曜午後,10,4.1,15,1月17日（日） 14:00〜15:30,1月14日（木）,1080×1920（縦9:16）,アルバイト3 学校6 病院1 役所11,2 3 6 11 25 39 42 44 45,2:テスト 3:テスト 6:重複（古い方） 11:重複（古い方） 25:重複（古い方） 39:対象外（日本） 42:対象外（日本） 44:締切後 45:締切後,44,28,学校,平日夜,LINE,,3.3,3.1,
09,34,19,アルバイト,12,63,Facebook,12時台,平日午前,9,4.4,15,1月7日（木） 10:00〜11:30,1月4日（月）,1080×1080（正方形）,アルバイト12 学校3 病院4 役所2,2 3 4 16 25 26 31 33 44 45,2:テスト 3:テスト 4:対象外（日本） 16:対象外（日本） 25:重複（古い方） 26:対象外（日本） 31:重複（古い方） 33:重複（古い方） 44:締切後 45:締切後,44,26,病院,土曜午後,X,X,3.4,3.3,
10,35,19,学校,14,74,Instagram,20時台,平日夜,10,4.1,16,1月12日（火） 19:00〜20:30,1月9日（土）,1080×1350（縦長4:5）,アルバイト2 学校14 病院4 役所3,2 3 6 18 21 30 33 44 45,2:テスト 3:テスト 6:重複（古い方） 18:対象外（日本） 21:重複（古い方） 30:対象外（日本） 33:重複（古い方） 44:締切後 45:締切後,44,27,役所,日曜午前,LINE,,3.6,3.3,1月11日（月）
11,39,20,病院,12,60,TikTok,23時台,土曜午後,12,4.2,19,1月9日（土） 14:00〜15:30,1月6日（水）,1080×1920（縦9:16）,アルバイト5 学校7 病院12 役所5,2 3 14 21 32 35 47 48 49,2:テスト 3:テスト 14:対象外（日本） 21:重複（古い方） 32:重複（古い方） 35:重複（古い方） 47:対象外（日本） 48:締切後 49:締切後,48,27,アルバイト,日曜夜,LINE,,3.6,3.3,
12,38,22,役所,13,59,Facebook,7時台,日曜午前,16,4.2,16,1月10日（日） 10:00〜11:30,1月7日（木）,1080×1080（正方形）,アルバイト2 学校5 病院6 役所13,2 3 18 19 23 25 37 47 48,2:テスト 3:テスト 18:対象外（日本） 19:重複（古い方） 23:重複（古い方） 25:重複（古い方） 37:対象外（日本） 47:締切後 48:締切後,47,29,学校,平日午後,LINE,X,3.6,3.4,
13,42,22,アルバイト,13,59,Instagram,21時台,日曜夜,13,4.3,20,1月17日（日） 19:00〜20:30,1月14日（木）,1080×1350（縦長4:5）,アルバイト13 学校9 病院2 役所9,2 3 5 25 28 32 45 51 52,2:テスト 3:テスト 5:重複（古い方） 25:重複（古い方） 28:対象外（日本） 32:重複（古い方） 45:対象外（日本） 51:締切後 52:締切後,51,28,病院,土曜午前,LINE,,3.8,3.5,
14,36,21,学校,13,62,TikTok,22時台,平日午後,10,4.3,15,1月5日（火） 14:00〜15:30,1月2日（土）,1080×1920（縦9:16）,アルバイト6 学校13 病院5 役所6,2 3 9 13 16 28 42 45 46,2:テスト 3:テスト 9:重複（古い方） 13:重複（古い方） 16:重複（古い方） 28:対象外（日本） 42:対象外（日本） 45:締切後 46:締切後,45,29,役所,土曜夜,LINE,,3.6,3.3,
15,39,22,病院,9,41,Facebook,12時台,土曜午前,15,4.1,17,1月16日（土） 10:00〜11:30,1月13日（水）,1080×1080（正方形）,アルバイト4 学校6 病院9 役所2,2 3 16 26 31 38 45 48 49,2:テスト 3:テスト 16:重複（古い方） 26:重複（古い方） 31:対象外（日本） 38:重複（古い方） 45:対象外（日本） 48:締切後 49:締切後,48,30,アルバイト,日曜午後,LINE,X,3.2,3.1,
16,41,20,役所,11,55,Instagram,20時台,土曜夜,14,4.1,21,1月16日（土） 19:00〜20:30,1月13日（水）,1080×1350（縦長4:5）,アルバイト2 学校5 病院3 役所11,2 3 4 31 34 35 39 42 51 52,2:テスト 3:テスト 4:重複（古い方） 31:対象外（日本） 34:対象外（日本） 35:対象外（日本） 39:重複（古い方） 42:重複（古い方） 51:締切後 52:締切後,51,28,学校,平日午前,LINE,,3.8,3.4,
17,42,26,アルバイト,11,42,TikTok,23時台,日曜午後,14,4.1,16,1月17日（日） 14:00〜15:30,1月14日（木）,1080×1920（縦9:16）,アルバイト11 学校7 病院9 役所7,2 3 13 25 37 38 44 51 52,2:テスト 3:テスト 13:重複（古い方） 25:重複（古い方） 37:対象外（日本） 38:対象外（日本） 44:重複（古い方） 51:締切後 52:締切後,51,33,病院,平日夜,LINE,,3.3,3.2,
18,36,21,学校,10,48,Facebook,7時台,平日午前,17,4.2,15,1月7日（木） 10:00〜11:30,1月4日（月）,1080×1080（正方形）,アルバイト3 学校10 病院3 役所4,2 3 5 16 23 38 39 45 46,2:テスト 3:テスト 5:重複（古い方） 16:対象外（日本） 23:重複（古い方） 38:対象外（日本） 39:重複（古い方） 45:締切後 46:締切後,45,27,役所,土曜午後,X,X,3.9,3.6,
19,41,19,病院,12,63,Instagram,21時台,平日夜,12,4.1,22,1月12日（火） 19:00〜20:30,1月9日（土）,1080×1350（縦長4:5）,アルバイト3 学校5 病院12 役所5,2 3 13 20 22 26 30 49 51 52,2:テスト 3:テスト 13:重複（古い方） 20:重複（古い方） 22:重複（古い方） 26:対象外（日本） 30:対象外（日本） 49:対象外（日本） 51:締切後 52:締切後,51,28,アルバイト,日曜午前,LINE,,3.6,3.4,1月11日（月）
20,40,22,役所,12,55,TikTok,22時台,土曜午後,15,4.3,18,1月9日（土） 14:00〜15:30,1月6日（水）,1080×1920（縦9:16）,アルバイト1 学校3 病院4 役所12,2 3 10 20 30 45 46 49 50,2:テスト 3:テスト 10:重複（古い方） 20:対象外（日本） 30:重複（古い方） 45:対象外（日本） 46:重複（古い方） 49:締切後 50:締切後,49,28,学校,日曜夜,LINE,,3.8,3.6,
21,36,18,アルバイト,12,67,Facebook,12時台,日曜午前,13,3.9,18,1月10日（日） 10:00〜11:30,1月7日（木）,1080×1080（正方形）,アルバイト12 学校1 病院6 役所1,2 3 9 11 12 26 35 43 46 47,2:テスト 3:テスト 9:重複（古い方） 11:重複（古い方） 12:対象外（日本） 26:重複（古い方） 35:対象外（日本） 43:対象外（日本） 46:締切後 47:締切後,46,27,病院,平日午後,X,X,3.5,3.4,
22,39,23,学校,14,61,Instagram,20時台,日曜夜,13,4.3,16,1月17日（日） 19:00〜20:30,1月14日（木）,1080×1350（縦長4:5）,アルバイト7 学校14 病院7 役所8,2 3 4 6 21 30 32 38 49 50,2:テスト 3:テスト 4:重複（古い方） 6:対象外（日本） 21:重複（古い方） 30:対象外（日本） 32:対象外（日本） 38:重複（古い方） 49:締切後 50:締切後,49,30,役所,土曜午前,LINE,,3.3,3.2,
23,38,21,病院,15,71,TikTok,23時台,平日午後,14,4.1,17,1月5日（火） 14:00〜15:30,1月2日（土）,1080×1920（縦9:16）,アルバイト7 学校4 病院15 役所3,2 3 5 11 14 15 27 33 48 49,2:テスト 3:テスト 5:重複（古い方） 11:対象外（日本） 14:重複（古い方） 15:対象外（日本） 27:重複（古い方） 33:対象外（日本） 48:締切後 49:締切後,48,29,アルバイト,土曜夜,LINE,,3.6,3.3,
24,38,19,役所,14,74,Facebook,7時台,土曜午前,13,4.2,19,1月16日（土） 10:00〜11:30,1月13日（水）,1080×1080（正方形）,アルバイト6 学校8 病院6 役所14,2 3 7 8 15 20 31 47 48,2:テスト 3:テスト 7:重複（古い方） 8:重複（古い方） 15:対象外（日本） 20:重複（古い方） 31:対象外（日本） 47:締切後 48:締切後,47,26,学校,日曜午後,LINE,X,3.6,3.4,
25,41,22,アルバイト,14,64,Instagram,21時台,土曜夜,15,4.3,19,1月16日（土） 19:00〜20:30,1月13日（水）,1080×1350（縦長4:5）,アルバイト14 学校1 病院7 役所3,2 3 4 28 30 36 43 45 51 52,2:テスト 3:テスト 4:重複（古い方） 28:重複（古い方） 30:対象外（日本） 36:重複（古い方） 43:対象外（日本） 45:対象外（日本） 51:締切後 52:締切後,51,31,病院,平日午前,LINE,,3.4,3.2,
26,42,19,学校,16,84,TikTok,22時台,日曜午後,13,4.1,23,1月17日（日） 14:00〜15:30,1月14日（木）,1080×1920（縦9:16）,アルバイト7 学校16 病院2 役所9,2 3 4 13 22 26 37 51 52,2:テスト 3:テスト 4:対象外（日本） 13:対象外（日本） 22:重複（古い方） 26:重複（古い方） 37:重複（古い方） 51:締切後 52:締切後,51,27,役所,平日夜,LINE,,3.7,3.5,
27,38,18,病院,7,39,Facebook,12時台,平日午前,13,4.2,20,1月7日（木） 10:00〜11:30,1月4日（月）,1080×1080（正方形）,アルバイト4 学校4 病院7 役所4,2 3 8 9 21 26 28 34 48 49,2:テスト 3:テスト 8:対象外（日本） 9:重複（古い方） 21:対象外（日本） 26:重複（古い方） 28:対象外（日本） 34:重複（古い方） 48:締切後 49:締切後,48,25,アルバイト,土曜午後,,X,3.7,3.4,
28,35,21,役所,11,52,Instagram,20時台,平日夜,12,4.3,14,1月12日（火） 19:00〜20:30,1月9日（土）,1080×1350（縦長4:5）,アルバイト4 学校8 病院2 役所11,2 3 4 9 31 32 33 40 45 46,2:テスト 3:テスト 4:対象外（日本） 9:重複（古い方） 31:対象外（日本） 32:重複（古い方） 33:重複（古い方） 40:対象外（日本） 45:締切後 46:締切後,45,29,学校,日曜午前,LINE,,3.5,3.4,1月11日（月）
29,35,22,アルバイト,9,41,TikTok,23時台,土曜午後,14,4.2,13,1月9日（土） 14:00〜15:30,1月6日（水）,1080×1920（縦9:16）,アルバイト9 学校5 病院7 役所8,2 3 7 9 14 24 29 44 45,2:テスト 3:テスト 7:対象外（日本） 9:重複（古い方） 14:重複（古い方） 24:重複（古い方） 29:対象外（日本） 44:締切後 45:締切後,44,29,病院,日曜夜,LINE,,3.9,3.6,
30,35,19,学校,13,68,Facebook,7時台,日曜午前,14,4.3,16,1月10日（日） 10:00〜11:30,1月7日（木）,1080×1080（正方形）,アルバイト5 学校13 病院6 役所5,2 3 13 24 26 29 30 44 45,2:テスト 3:テスト 13:対象外（日本） 24:重複（古い方） 26:重複（古い方） 29:重複（古い方） 30:対象外（日本） 44:締切後 45:締切後,44,27,役所,平日午後,LINE,X,3.8,3.6,
31,39,21,病院,8,38,Instagram,21時台,日曜夜,13,4.1,18,1月17日（日） 19:00〜20:30,1月14日（木）,1080×1350（縦長4:5）,アルバイト4 学校4 病院8 役所7,2 3 10 12 13 15 29 37 49 50,2:テスト 3:テスト 10:対象外（日本） 12:重複（古い方） 13:対象外（日本） 15:対象外（日本） 29:重複（古い方） 37:重複（古い方） 49:締切後 50:締切後,49,28,アルバイト,土曜午前,LINE,,3.7,3.6,
32,40,18,役所,11,61,TikTok,22時台,平日午後,12,4.3,22,1月5日（火） 14:00〜15:30,1月2日（土）,1080×1920（縦9:16）,アルバイト4 学校6 病院4 役所11,2 3 6 11 16 32 34 49 50,2:テスト 3:テスト 6:対象外（日本） 11:重複（古い方） 16:重複（古い方） 32:対象外（日本） 34:重複（古い方） 49:締切後 50:締切後,49,26,学校,土曜夜,LINE,,3.5,3.4,
33,37,18,アルバイト,10,56,Facebook,12時台,土曜午前,12,4.3,19,1月16日（土） 10:00〜11:30,1月13日（水）,1080×1080（正方形）,アルバイト10 学校6 病院5 役所2,2 3 6 21 23 24 35 41 47 48,2:テスト 3:テスト 6:重複（古い方） 21:対象外（日本） 23:重複（古い方） 24:対象外（日本） 35:重複（古い方） 41:対象外（日本） 47:締切後 48:締切後,47,25,病院,日曜午後,LINE,X,3.8,3.6,
34,34,20,学校,13,65,Instagram,20時台,土曜夜,18,4.2,14,1月16日（土） 19:00〜20:30,1月13日（水）,1080×1350（縦長4:5）,アルバイト9 学校13 病院3 役所6,2 3 6 15 23 25 39 43 44,2:テスト 3:テスト 6:重複（古い方） 15:対象外（日本） 23:重複（古い方） 25:重複（古い方） 39:対象外（日本） 43:締切後 44:締切後,43,28,役所,平日午前,LINE,,3.2,3.0,
35,36,18,病院,8,44,TikTok,23時台,日曜午後,11,4.1,18,1月17日（日） 14:00〜15:30,1月14日（木）,1080×1920（縦9:16）,アルバイト6 学校4 病院8 役所7,2 3 6 7 27 35 37 43 46 47,2:テスト 3:テスト 6:対象外（日本） 7:重複（古い方） 27:重複（古い方） 35:対象外（日本） 37:重複（古い方） 43:対象外（日本） 46:締切後 47:締切後,46,26,アルバイト,平日夜,LINE,,3.7,3.5,
36,36,20,役所,13,65,Facebook,7時台,平日午前,12,3.8,16,1月7日（木） 10:00〜11:30,1月4日（月）,1080×1080（正方形）,アルバイト3 学校7 病院2 役所13,2 3 5 16 27 39 43 44 46 47,2:テスト 3:テスト 5:重複（古い方） 16:対象外（日本） 27:重複（古い方） 39:重複（古い方） 43:対象外（日本） 44:対象外（日本） 46:締切後 47:締切後,46,26,学校,土曜午後,LINE,X,3.2,3.1,
37,39,21,アルバイト,10,48,Instagram,21時台,平日夜,13,4.4,18,1月12日（火） 19:00〜20:30,1月9日（土）,1080×1350（縦長4:5）,アルバイト10 学校3 病院6 役所6,2 3 4 16 25 28 36 48 49,2:テスト 3:テスト 4:重複（古い方） 16:対象外（日本） 25:対象外（日本） 28:重複（古い方） 36:重複（古い方） 48:締切後 49:締切後,48,27,病院,日曜午前,LINE,,3.7,3.4,1月11日（月）
38,37,20,学校,11,55,TikTok,22時台,土曜午後,12,4.4,17,1月9日（土） 14:00〜15:30,1月6日（水）,1080×1920（縦9:16）,アルバイト5 学校11 病院4 役所5,2 3 6 13 23 32 35 42 47 48,2:テスト 3:テスト 6:重複（古い方） 13:対象外（日本） 23:対象外（日本） 32:重複（古い方） 35:対象外（日本） 42:重複（古い方） 47:締切後 48:締切後,47,27,役所,日曜夜,LINE,,3.7,3.4,
39,39,19,病院,10,53,Facebook,12時台,日曜午前,13,4.4,20,1月10日（日） 10:00〜11:30,1月7日（木）,1080×1080（正方形）,アルバイト4 学校3 病院10 役所1,2 3 5 15 17 25 34 35 49 50,2:テスト 3:テスト 5:対象外（日本） 15:重複（古い方） 17:重複（古い方） 25:重複（古い方） 34:対象外（日本） 35:対象外（日本） 49:締切後 50:締切後,49,28,アルバイト,平日午後,LINE,X,3.7,3.4,
40,42,20,役所,10,50,Instagram,20時台,日曜夜,14,4.0,22,1月17日（日） 19:00〜20:30,1月14日（木）,1080×1350（縦長4:5）,アルバイト2 学校5 病院4 役所10,2 3 7 10 25 29 43 51 52,2:テスト 3:テスト 7:重複（古い方） 10:対象外（日本） 25:重複（古い方） 29:重複（古い方） 43:対象外（日本） 51:締切後 52:締切後,51,27,学校,土曜午前,LINE,,3.6,3.5,
